,epoch,G_GAN,G_L1,D_real,D_fake
count,100.0,100.0,100.0,100.0,100.0
mean,50.5,1.145696881521053,61.904728737828854,0.49073515040960686,0.3305458091548919
std,29.011491975882016,0.643112929198739,9.059325279536623,0.6133927779958213,0.31823920821422985
min,1.0,0.5,50.94568829191789,0.005,0.005
25%,25.75,0.6395570402375941,55.14546659818048,0.10420604395004075,0.0734665323945029
50%,50.5,0.8526063477170602,58.63309708780568,0.1568226816451067,0.22620729293926356
75%,75.25,1.8474054675911757,67.4522284973973,0.672645802053625,0.46189148191071133
max,100.0,2.5726059805949237,86.203,2.487,1.232
